http://purl.bioontology.org/ontology/ICD9CM/789.5	owl:equivalentClass	http://purl.bioontology.org/ontology/LNC/LP428335-6
http://purl.bioontology.org/ontology/ICD9CM/789.5	owl:equivalentClass	http://purl.bioontology.org/ontology/LNC/LA17637-2
http://purl.bioontology.org/ontology/ICD9CM/651.0	owl:equivalentClass	http://purl.bioontology.org/ontology/LNC/MTHU066036
http://purl.bioontology.org/ontology/ICD9CM/651.0	owl:equivalentClass	http://purl.bioontology.org/ontology/LNC/LP422365-9
http://purl.bioontology.org/ontology/ICD9CM/781.6	owl:equivalentClass	http://purl.bioontology.org/ontology/LNC/LA17660-4
http://purl.bioontology.org/ontology/ICD9CM/780.1	owl:equivalentClass	http://purl.bioontology.org/ontology/LNC/MTHU020847
http://purl.bioontology.org/ontology/ICD9CM/780.1	owl:equivalentClass	http://purl.bioontology.org/ontology/LNC/LA7438-0
http://purl.bioontology.org/ontology/ICD9CM/780.1	owl:equivalentClass	http://purl.bioontology.org/ontology/LNC/LP74902-5
http://purl.bioontology.org/ontology/ICD9CM/788.1	owl:equivalentClass	http://purl.bioontology.org/ontology/LNC/LA17661-2
http://purl.bioontology.org/ontology/ICD9CM/274	owl:equivalentClass	http://purl.bioontology.org/ontology/LNC/LA14305-9
http://purl.bioontology.org/ontology/ICD9CM/51.2	owl:equivalentClass	http://purl.bioontology.org/ontology/LNC/LA14290-3
http://purl.bioontology.org/ontology/ICD9CM/51.22	owl:equivalentClass	http://purl.bioontology.org/ontology/LNC/LA14290-3
http://purl.bioontology.org/ontology/ICD9CM/45.23	owl:equivalentClass	http://purl.bioontology.org/ontology/LNC/LP6191-3
http://purl.bioontology.org/ontology/ICD9CM/45.23	owl:equivalentClass	http://purl.bioontology.org/ontology/LNC/LA15380-1
http://purl.bioontology.org/ontology/ICD9CM/041.82	owl:equivalentClass	http://purl.bioontology.org/ontology/LNC/LP16785-5
http://purl.bioontology.org/ontology/ICD9CM/094	owl:equivalentClass	http://purl.bioontology.org/ontology/LNC/LA10492-9
http://purl.bioontology.org/ontology/ICD9CM/023.1	owl:equivalentClass	http://purl.bioontology.org/ontology/LNC/LP14388-0
http://purl.bioontology.org/ontology/ICD9CM/023.1	owl:equivalentClass	http://purl.bioontology.org/ontology/LNC/LA19197-5
http://purl.bioontology.org/ontology/ICD9CM/006	owl:equivalentClass	http://purl.bioontology.org/ontology/LNC/LA10431-7
http://purl.bioontology.org/ontology/ICD9CM/007.5	owl:equivalentClass	http://purl.bioontology.org/ontology/LNC/LA10449-9
http://purl.bioontology.org/ontology/ICD9CM/060	owl:equivalentClass	http://purl.bioontology.org/ontology/LNC/LA10520-7
http://purl.bioontology.org/ontology/ICD9CM/344.1	owl:equivalentClass	http://purl.bioontology.org/ontology/LNC/MTHU020806
http://purl.bioontology.org/ontology/ICD9CM/344.1	owl:equivalentClass	http://purl.bioontology.org/ontology/LNC/LA25276-9
http://purl.bioontology.org/ontology/ICD9CM/344.1	owl:equivalentClass	http://purl.bioontology.org/ontology/LNC/LP75345-6
http://purl.bioontology.org/ontology/ICD9CM/786.02	owl:equivalentClass	http://purl.bioontology.org/ontology/LNC/LA25373-4
http://purl.bioontology.org/ontology/ICD9CM/786.02	owl:equivalentClass	http://purl.bioontology.org/ontology/LNC/LP230019-4
http://purl.bioontology.org/ontology/ICD9CM/786.02	owl:equivalentClass	http://purl.bioontology.org/ontology/LNC/MTHU054872
http://purl.bioontology.org/ontology/ICD9CM/749.0	owl:equivalentClass	http://purl.bioontology.org/ontology/LNC/LA14412-3
http://purl.bioontology.org/ontology/ICD9CM/54.21	owl:equivalentClass	http://purl.bioontology.org/ontology/LNC/LA15411-4
http://purl.bioontology.org/ontology/ICD9CM/54.21	owl:equivalentClass	http://purl.bioontology.org/ontology/LNC/LP6361-2
http://purl.bioontology.org/ontology/ICD9CM/781.94	owl:equivalentClass	http://purl.bioontology.org/ontology/LNC/LA24720-7
http://purl.bioontology.org/ontology/ICD9CM/658.1	owl:equivalentClass	http://purl.bioontology.org/ontology/LNC/LA20068-5
http://purl.bioontology.org/ontology/ICD9CM/E928.2	owl:equivalentClass	http://purl.bioontology.org/ontology/LNC/MTHU039716
http://purl.bioontology.org/ontology/ICD9CM/E928.2	owl:equivalentClass	http://purl.bioontology.org/ontology/LNC/LP120689-7
http://purl.bioontology.org/ontology/ICD9CM/358.0	owl:equivalentClass	http://purl.bioontology.org/ontology/LNC/LA15158-1
http://purl.bioontology.org/ontology/ICD9CM/277.0	owl:equivalentClass	http://purl.bioontology.org/ontology/LNC/LA22202-8
http://purl.bioontology.org/ontology/ICD9CM/277.0	owl:equivalentClass	http://purl.bioontology.org/ontology/LNC/MTHU021607
http://purl.bioontology.org/ontology/ICD9CM/277.0	owl:equivalentClass	http://purl.bioontology.org/ontology/LNC/LP56779-9
http://purl.bioontology.org/ontology/ICD9CM/E908.1	owl:equivalentClass	http://purl.bioontology.org/ontology/LNC/LA30042-8
http://purl.bioontology.org/ontology/ICD9CM/124	owl:equivalentClass	http://purl.bioontology.org/ontology/LNC/LA10512-4
http://purl.bioontology.org/ontology/ICD9CM/39.95	owl:equivalentClass	http://purl.bioontology.org/ontology/LNC/LP149600-1
http://purl.bioontology.org/ontology/ICD9CM/39.95	owl:equivalentClass	http://purl.bioontology.org/ontology/LNC/LA9975-9
http://purl.bioontology.org/ontology/ICD9CM/39.95	owl:equivalentClass	http://purl.bioontology.org/ontology/LNC/LP173518-4
http://purl.bioontology.org/ontology/ICD9CM/787.4	owl:equivalentClass	http://purl.bioontology.org/ontology/LNC/LA25063-1
http://purl.bioontology.org/ontology/ICD9CM/278.02	owl:equivalentClass	http://purl.bioontology.org/ontology/LNC/LA32905-4
http://purl.bioontology.org/ontology/ICD9CM/278.02	owl:equivalentClass	http://purl.bioontology.org/ontology/LNC/LP269280-6
http://purl.bioontology.org/ontology/ICD9CM/788.43	owl:equivalentClass	http://purl.bioontology.org/ontology/LNC/LA25318-9
http://purl.bioontology.org/ontology/ICD9CM/72.7	owl:equivalentClass	http://purl.bioontology.org/ontology/LNC/LA18964-9
http://purl.bioontology.org/ontology/ICD9CM/789.0	owl:equivalentClass	http://purl.bioontology.org/ontology/LNC/MTHU013636
http://purl.bioontology.org/ontology/ICD9CM/789.0	owl:equivalentClass	http://purl.bioontology.org/ontology/LNC/LA15468-4
http://purl.bioontology.org/ontology/ICD9CM/789.0	owl:equivalentClass	http://purl.bioontology.org/ontology/LNC/LP74394-5
http://purl.bioontology.org/ontology/ICD9CM/798.0	owl:equivalentClass	http://purl.bioontology.org/ontology/LNC/LA10530-6
http://purl.bioontology.org/ontology/ICD9CM/088.82	owl:equivalentClass	http://purl.bioontology.org/ontology/LNC/LA10434-1
http://purl.bioontology.org/ontology/ICD9CM/099.0	owl:equivalentClass	http://purl.bioontology.org/ontology/LNC/LA10441-6
http://purl.bioontology.org/ontology/ICD9CM/243	owl:equivalentClass	http://purl.bioontology.org/ontology/LNC/LP56766-6
http://purl.bioontology.org/ontology/ICD9CM/243	owl:equivalentClass	http://purl.bioontology.org/ontology/LNC/MTHU025182
http://purl.bioontology.org/ontology/ICD9CM/087	owl:equivalentClass	http://purl.bioontology.org/ontology/LNC/LA10500-9
http://purl.bioontology.org/ontology/ICD9CM/037	owl:equivalentClass	http://purl.bioontology.org/ontology/LNC/LA10510-8
http://purl.bioontology.org/ontology/ICD9CM/E970-E978.9	owl:equivalentClass	http://purl.bioontology.org/ontology/LNC/LA14099-8
http://purl.bioontology.org/ontology/ICD9CM/135	owl:equivalentClass	http://purl.bioontology.org/ontology/LNC/LP209028-2
http://purl.bioontology.org/ontology/ICD9CM/786.01	owl:equivalentClass	http://purl.bioontology.org/ontology/LNC/LA17613-3
http://purl.bioontology.org/ontology/ICD9CM/89.52	owl:equivalentClass	http://purl.bioontology.org/ontology/LNC/LA24331-3
http://purl.bioontology.org/ontology/ICD9CM/423.3	owl:equivalentClass	http://purl.bioontology.org/ontology/LNC/LA24492-3
http://purl.bioontology.org/ontology/ICD9CM/752.61	owl:equivalentClass	http://purl.bioontology.org/ontology/LNC/LA20090-9
http://purl.bioontology.org/ontology/ICD9CM/581	owl:equivalentClass	http://purl.bioontology.org/ontology/LNC/LA10569-4
http://purl.bioontology.org/ontology/ICD9CM/714.0	owl:equivalentClass	http://purl.bioontology.org/ontology/LNC/LA15161-5
http://purl.bioontology.org/ontology/ICD9CM/023	owl:equivalentClass	http://purl.bioontology.org/ontology/LNC/LA10438-2
http://purl.bioontology.org/ontology/ICD9CM/709.01	owl:equivalentClass	http://purl.bioontology.org/ontology/LNC/LA15163-1
http://purl.bioontology.org/ontology/ICD9CM/427.31	owl:equivalentClass	http://purl.bioontology.org/ontology/LNC/LA17084-7
http://purl.bioontology.org/ontology/ICD9CM/786.3	owl:equivalentClass	http://purl.bioontology.org/ontology/LNC/LA29583-4
http://purl.bioontology.org/ontology/ICD9CM/578.1	owl:equivalentClass	http://purl.bioontology.org/ontology/LNC/LA15428-8
http://purl.bioontology.org/ontology/ICD9CM/458.0	owl:equivalentClass	http://purl.bioontology.org/ontology/LNC/LA27841-8
http://purl.bioontology.org/ontology/ICD9CM/082.4	owl:equivalentClass	http://purl.bioontology.org/ontology/LNC/LA29738-4
http://purl.bioontology.org/ontology/ICD9CM/33.5	owl:equivalentClass	http://purl.bioontology.org/ontology/LNC/LA28293-1
http://purl.bioontology.org/ontology/ICD9CM/428	owl:equivalentClass	http://purl.bioontology.org/ontology/LNC/LP269421-6
http://purl.bioontology.org/ontology/ICD9CM/89.8	owl:equivalentClass	http://purl.bioontology.org/ontology/LNC/LP430288-3
http://purl.bioontology.org/ontology/ICD9CM/788.42	owl:equivalentClass	http://purl.bioontology.org/ontology/LNC/LA25323-9
http://purl.bioontology.org/ontology/ICD9CM/93.83	owl:equivalentClass	http://purl.bioontology.org/ontology/LNC/MTHU035233
http://purl.bioontology.org/ontology/ICD9CM/93.83	owl:equivalentClass	http://purl.bioontology.org/ontology/LNC/LP415707-1
http://purl.bioontology.org/ontology/ICD9CM/93.83	owl:equivalentClass	http://purl.bioontology.org/ontology/LNC/LP98453-1
http://purl.bioontology.org/ontology/ICD9CM/93.83	owl:equivalentClass	http://purl.bioontology.org/ontology/LNC/LA9495-8
http://purl.bioontology.org/ontology/ICD9CM/93.83	owl:equivalentClass	http://purl.bioontology.org/ontology/LNC/LP6426-3
http://purl.bioontology.org/ontology/ICD9CM/020	owl:equivalentClass	http://purl.bioontology.org/ontology/LNC/LA10495-2
http://purl.bioontology.org/ontology/ICD9CM/92.3	owl:equivalentClass	http://purl.bioontology.org/ontology/LNC/LA4477-1
http://purl.bioontology.org/ontology/ICD9CM/E908.0	owl:equivalentClass	http://purl.bioontology.org/ontology/LNC/LA30040-2
http://purl.bioontology.org/ontology/ICD9CM/V68.01	owl:equivalentClass	http://purl.bioontology.org/ontology/LNC/LP175728-7
http://purl.bioontology.org/ontology/ICD9CM/784.51	owl:equivalentClass	http://purl.bioontology.org/ontology/LNC/LP145911-6
http://purl.bioontology.org/ontology/ICD9CM/784.51	owl:equivalentClass	http://purl.bioontology.org/ontology/LNC/MTHU043324
http://purl.bioontology.org/ontology/ICD9CM/786.5	owl:equivalentClass	http://purl.bioontology.org/ontology/LNC/LA28842-5
http://purl.bioontology.org/ontology/ICD9CM/786.5	owl:equivalentClass	http://purl.bioontology.org/ontology/LNC/LP98885-4
http://purl.bioontology.org/ontology/ICD9CM/786.5	owl:equivalentClass	http://purl.bioontology.org/ontology/LNC/MTHU035552
http://purl.bioontology.org/ontology/ICD9CM/368.2	owl:equivalentClass	http://purl.bioontology.org/ontology/LNC/LA32598-7
http://purl.bioontology.org/ontology/ICD9CM/783.41	owl:equivalentClass	http://purl.bioontology.org/ontology/LNC/MTHU019355
http://purl.bioontology.org/ontology/ICD9CM/783.41	owl:equivalentClass	http://purl.bioontology.org/ontology/LNC/LP36298-5
http://purl.bioontology.org/ontology/ICD9CM/50.5	owl:equivalentClass	http://purl.bioontology.org/ontology/LNC/LA28295-6
http://purl.bioontology.org/ontology/ICD9CM/117.5	owl:equivalentClass	http://purl.bioontology.org/ontology/LNC/LA10446-5
http://purl.bioontology.org/ontology/ICD9CM/741	owl:equivalentClass	http://purl.bioontology.org/ontology/LNC/LA19643-8
http://purl.bioontology.org/ontology/ICD9CM/759.3	owl:equivalentClass	http://purl.bioontology.org/ontology/LNC/LA19610-7
http://purl.bioontology.org/ontology/ICD9CM/333.2	owl:equivalentClass	http://purl.bioontology.org/ontology/LNC/LA24801-5
http://purl.bioontology.org/ontology/ICD9CM/780.93	owl:equivalentClass	http://purl.bioontology.org/ontology/LNC/MTHU013522
http://purl.bioontology.org/ontology/ICD9CM/780.93	owl:equivalentClass	http://purl.bioontology.org/ontology/LNC/LP75117-9
http://purl.bioontology.org/ontology/ICD9CM/430-438.99	owl:equivalentClass	http://purl.bioontology.org/ontology/LNC/LA31446-0
http://purl.bioontology.org/ontology/ICD9CM/751.0	owl:equivalentClass	http://purl.bioontology.org/ontology/LNC/LP208999-5
http://purl.bioontology.org/ontology/ICD9CM/282.44	owl:equivalentClass	http://purl.bioontology.org/ontology/LNC/LA18564-7
http://purl.bioontology.org/ontology/ICD9CM/427.5	owl:equivalentClass	http://purl.bioontology.org/ontology/LNC/LA9535-1
http://purl.bioontology.org/ontology/ICD9CM/427.5	owl:equivalentClass	http://purl.bioontology.org/ontology/LNC/MTHU041449
http://purl.bioontology.org/ontology/ICD9CM/427.5	owl:equivalentClass	http://purl.bioontology.org/ontology/LNC/LP133247-9
http://purl.bioontology.org/ontology/ICD9CM/791.0	owl:equivalentClass	http://purl.bioontology.org/ontology/LNC/LA18970-6
http://purl.bioontology.org/ontology/ICD9CM/070	owl:equivalentClass	http://purl.bioontology.org/ontology/LNC/MTHU020837
http://purl.bioontology.org/ontology/ICD9CM/070	owl:equivalentClass	http://purl.bioontology.org/ontology/LNC/LP75854-7
http://purl.bioontology.org/ontology/ICD9CM/89.58	owl:equivalentClass	http://purl.bioontology.org/ontology/LNC/LP189524-4
http://purl.bioontology.org/ontology/ICD9CM/89.58	owl:equivalentClass	http://purl.bioontology.org/ontology/LNC/MTHU050363
http://purl.bioontology.org/ontology/ICD9CM/491	owl:equivalentClass	http://purl.bioontology.org/ontology/LNC/LA10560-3
http://purl.bioontology.org/ontology/ICD9CM/123.1	owl:equivalentClass	http://purl.bioontology.org/ontology/LNC/LA10450-7
http://purl.bioontology.org/ontology/ICD9CM/492	owl:equivalentClass	http://purl.bioontology.org/ontology/LNC/LA10561-1
http://purl.bioontology.org/ontology/ICD9CM/93.84	owl:equivalentClass	http://purl.bioontology.org/ontology/LNC/LA33539-0
http://purl.bioontology.org/ontology/ICD9CM/850	owl:equivalentClass	http://purl.bioontology.org/ontology/LNC/LA7422-4
http://purl.bioontology.org/ontology/ICD9CM/92	owl:equivalentClass	http://purl.bioontology.org/ontology/LNC/LP6419-8
http://purl.bioontology.org/ontology/ICD9CM/707.0	owl:equivalentClass	http://purl.bioontology.org/ontology/LNC/LA19028-2
http://purl.bioontology.org/ontology/ICD9CM/115	owl:equivalentClass	http://purl.bioontology.org/ontology/LNC/LA10477-0
http://purl.bioontology.org/ontology/ICD9CM/366	owl:equivalentClass	http://purl.bioontology.org/ontology/LNC/LP128693-1
http://purl.bioontology.org/ontology/ICD9CM/366	owl:equivalentClass	http://purl.bioontology.org/ontology/LNC/MTHU040525
http://purl.bioontology.org/ontology/ICD9CM/337.3	owl:equivalentClass	http://purl.bioontology.org/ontology/LNC/LP74519-7
http://purl.bioontology.org/ontology/ICD9CM/337.3	owl:equivalentClass	http://purl.bioontology.org/ontology/LNC/MTHU013354
http://purl.bioontology.org/ontology/ICD9CM/34.91	owl:equivalentClass	http://purl.bioontology.org/ontology/LNC/LP263783-5
http://purl.bioontology.org/ontology/ICD9CM/010-018.99	owl:equivalentClass	http://purl.bioontology.org/ontology/LNC/MTHU020835
http://purl.bioontology.org/ontology/ICD9CM/010-018.99	owl:equivalentClass	http://purl.bioontology.org/ontology/LNC/LA10513-2
http://purl.bioontology.org/ontology/ICD9CM/010-018.99	owl:equivalentClass	http://purl.bioontology.org/ontology/LNC/LP75796-0
http://purl.bioontology.org/ontology/ICD9CM/753.1	owl:equivalentClass	http://purl.bioontology.org/ontology/LNC/LA10565-2
http://purl.bioontology.org/ontology/ICD9CM/007.1	owl:equivalentClass	http://purl.bioontology.org/ontology/LNC/LA10466-3
http://purl.bioontology.org/ontology/ICD9CM/317-319.99	owl:equivalentClass	http://purl.bioontology.org/ontology/LNC/LA24759-5
http://purl.bioontology.org/ontology/ICD9CM/305.0	owl:equivalentClass	http://purl.bioontology.org/ontology/LNC/LP36309-0
http://purl.bioontology.org/ontology/ICD9CM/305.0	owl:equivalentClass	http://purl.bioontology.org/ontology/LNC/MTHU019366
http://purl.bioontology.org/ontology/ICD9CM/136.1	owl:equivalentClass	http://purl.bioontology.org/ontology/LNC/LA17787-5
http://purl.bioontology.org/ontology/ICD9CM/079.83	owl:equivalentClass	http://purl.bioontology.org/ontology/LNC/LP16661-8
http://purl.bioontology.org/ontology/ICD9CM/43.1	owl:equivalentClass	http://purl.bioontology.org/ontology/LNC/LP248512-8
http://purl.bioontology.org/ontology/ICD9CM/43.9	owl:equivalentClass	http://purl.bioontology.org/ontology/LNC/LA26072-1
http://purl.bioontology.org/ontology/ICD9CM/368.4	owl:equivalentClass	http://purl.bioontology.org/ontology/LNC/LP201274-0
http://purl.bioontology.org/ontology/ICD9CM/368.4	owl:equivalentClass	http://purl.bioontology.org/ontology/LNC/MTHU051243
http://purl.bioontology.org/ontology/ICD9CM/056	owl:equivalentClass	http://purl.bioontology.org/ontology/LNC/LA10502-5
http://purl.bioontology.org/ontology/ICD9CM/413	owl:equivalentClass	http://purl.bioontology.org/ontology/LNC/LA14275-4
http://purl.bioontology.org/ontology/ICD9CM/564.0	owl:equivalentClass	http://purl.bioontology.org/ontology/LNC/LP74650-0
http://purl.bioontology.org/ontology/ICD9CM/564.0	owl:equivalentClass	http://purl.bioontology.org/ontology/LNC/LA22282-0
http://purl.bioontology.org/ontology/ICD9CM/564.0	owl:equivalentClass	http://purl.bioontology.org/ontology/LNC/MTHU020768
http://purl.bioontology.org/ontology/ICD9CM/523.2	owl:equivalentClass	http://purl.bioontology.org/ontology/LNC/LA8960-2
http://purl.bioontology.org/ontology/ICD9CM/362.0	owl:equivalentClass	http://purl.bioontology.org/ontology/LNC/LP74724-3
http://purl.bioontology.org/ontology/ICD9CM/362.0	owl:equivalentClass	http://purl.bioontology.org/ontology/LNC/MTHU020818
http://purl.bioontology.org/ontology/ICD9CM/004.1	owl:equivalentClass	http://purl.bioontology.org/ontology/LNC/LP17985-0
http://purl.bioontology.org/ontology/ICD9CM/004.1	owl:equivalentClass	http://purl.bioontology.org/ontology/LNC/LA19300-5
http://purl.bioontology.org/ontology/ICD9CM/055	owl:equivalentClass	http://purl.bioontology.org/ontology/LNC/LA17014-4
http://purl.bioontology.org/ontology/ICD9CM/785.1	owl:equivalentClass	http://purl.bioontology.org/ontology/LNC/LA16997-1
http://purl.bioontology.org/ontology/ICD9CM/787.91	owl:equivalentClass	http://purl.bioontology.org/ontology/LNC/LP74729-2
http://purl.bioontology.org/ontology/ICD9CM/787.91	owl:equivalentClass	http://purl.bioontology.org/ontology/LNC/MTHU013347
http://purl.bioontology.org/ontology/ICD9CM/787.91	owl:equivalentClass	http://purl.bioontology.org/ontology/LNC/LA15424-7
http://purl.bioontology.org/ontology/ICD9CM/991.6	owl:equivalentClass	http://purl.bioontology.org/ontology/LNC/LP74945-4
http://purl.bioontology.org/ontology/ICD9CM/991.6	owl:equivalentClass	http://purl.bioontology.org/ontology/LNC/LA9541-9
http://purl.bioontology.org/ontology/ICD9CM/991.6	owl:equivalentClass	http://purl.bioontology.org/ontology/LNC/MTHU013244
http://purl.bioontology.org/ontology/ICD9CM/004.0	owl:equivalentClass	http://purl.bioontology.org/ontology/LNC/LP17984-3
http://purl.bioontology.org/ontology/ICD9CM/004.0	owl:equivalentClass	http://purl.bioontology.org/ontology/LNC/LA19299-9
http://purl.bioontology.org/ontology/ICD9CM/032	owl:equivalentClass	http://purl.bioontology.org/ontology/LNC/LP16825-9
http://purl.bioontology.org/ontology/ICD9CM/032	owl:equivalentClass	http://purl.bioontology.org/ontology/LNC/LA10452-3
http://purl.bioontology.org/ontology/ICD9CM/427	owl:equivalentClass	http://purl.bioontology.org/ontology/LNC/LP74586-6
http://purl.bioontology.org/ontology/ICD9CM/427	owl:equivalentClass	http://purl.bioontology.org/ontology/LNC/MTHU020785
http://purl.bioontology.org/ontology/ICD9CM/084	owl:equivalentClass	http://purl.bioontology.org/ontology/LNC/LA10488-7
http://purl.bioontology.org/ontology/ICD9CM/030	owl:equivalentClass	http://purl.bioontology.org/ontology/LNC/MTHU064153
http://purl.bioontology.org/ontology/ICD9CM/030	owl:equivalentClass	http://purl.bioontology.org/ontology/LNC/LP417693-1
http://purl.bioontology.org/ontology/ICD9CM/344.81	owl:equivalentClass	http://purl.bioontology.org/ontology/LNC/LA27535-6
http://purl.bioontology.org/ontology/ICD9CM/116.0	owl:equivalentClass	http://purl.bioontology.org/ontology/LNC/LA10436-6
http://purl.bioontology.org/ontology/ICD9CM/799.1	owl:equivalentClass	http://purl.bioontology.org/ontology/LNC/LA9547-6
http://purl.bioontology.org/ontology/ICD9CM/550	owl:equivalentClass	http://purl.bioontology.org/ontology/LNC/LA25050-8
http://purl.bioontology.org/ontology/ICD9CM/389	owl:equivalentClass	http://purl.bioontology.org/ontology/LNC/LA24366-9
http://purl.bioontology.org/ontology/ICD9CM/389	owl:equivalentClass	http://purl.bioontology.org/ontology/LNC/LP56780-7
http://purl.bioontology.org/ontology/ICD9CM/389	owl:equivalentClass	http://purl.bioontology.org/ontology/LNC/MTHU021608
http://purl.bioontology.org/ontology/ICD9CM/427.32	owl:equivalentClass	http://purl.bioontology.org/ontology/LNC/LA17085-4
http://purl.bioontology.org/ontology/ICD9CM/54.98	owl:equivalentClass	http://purl.bioontology.org/ontology/LNC/LA10059-6
http://purl.bioontology.org/ontology/ICD9CM/54.98	owl:equivalentClass	http://purl.bioontology.org/ontology/LNC/LP149602-7
http://purl.bioontology.org/ontology/ICD9CM/88.25	owl:equivalentClass	http://purl.bioontology.org/ontology/LNC/LP200095-0
http://purl.bioontology.org/ontology/ICD9CM/756.14	owl:equivalentClass	http://purl.bioontology.org/ontology/LNC/LA19649-5
http://purl.bioontology.org/ontology/ICD9CM/366.04	owl:equivalentClass	http://purl.bioontology.org/ontology/LNC/LA25470-8
http://purl.bioontology.org/ontology/ICD9CM/023.3	owl:equivalentClass	http://purl.bioontology.org/ontology/LNC/LP14092-8
http://purl.bioontology.org/ontology/ICD9CM/023.3	owl:equivalentClass	http://purl.bioontology.org/ontology/LNC/LA19198-3
http://purl.bioontology.org/ontology/ICD9CM/783.43	owl:equivalentClass	http://purl.bioontology.org/ontology/LNC/LA24894-0
http://purl.bioontology.org/ontology/ICD9CM/088.81	owl:equivalentClass	http://purl.bioontology.org/ontology/LNC/LA10487-9
http://purl.bioontology.org/ontology/ICD9CM/782.3	owl:equivalentClass	http://purl.bioontology.org/ontology/LNC/LA17263-7
http://purl.bioontology.org/ontology/ICD9CM/782.3	owl:equivalentClass	http://purl.bioontology.org/ontology/LNC/MTHU019803
http://purl.bioontology.org/ontology/ICD9CM/782.3	owl:equivalentClass	http://purl.bioontology.org/ontology/LNC/LP72527-2
http://purl.bioontology.org/ontology/ICD9CM/365	owl:equivalentClass	http://purl.bioontology.org/ontology/LNC/LP74892-8
http://purl.bioontology.org/ontology/ICD9CM/365	owl:equivalentClass	http://purl.bioontology.org/ontology/LNC/LA16302-4
http://purl.bioontology.org/ontology/ICD9CM/365	owl:equivalentClass	http://purl.bioontology.org/ontology/LNC/MTHU020819
http://purl.bioontology.org/ontology/ICD9CM/744.23	owl:equivalentClass	http://purl.bioontology.org/ontology/LNC/LA9231-7
http://purl.bioontology.org/ontology/ICD9CM/338.2	owl:equivalentClass	http://purl.bioontology.org/ontology/LNC/LP74620-3
http://purl.bioontology.org/ontology/ICD9CM/338.2	owl:equivalentClass	http://purl.bioontology.org/ontology/LNC/LA22093-1
http://purl.bioontology.org/ontology/ICD9CM/338.2	owl:equivalentClass	http://purl.bioontology.org/ontology/LNC/MTHU013382
http://purl.bioontology.org/ontology/ICD9CM/277.3	owl:equivalentClass	http://purl.bioontology.org/ontology/LNC/LP209029-0
http://purl.bioontology.org/ontology/ICD9CM/94.35	owl:equivalentClass	http://purl.bioontology.org/ontology/LNC/LA6609-7
http://purl.bioontology.org/ontology/ICD9CM/37.0	owl:equivalentClass	http://purl.bioontology.org/ontology/LNC/LP263432-9
http://purl.bioontology.org/ontology/ICD9CM/038	owl:equivalentClass	http://purl.bioontology.org/ontology/LNC/LP75611-1
http://purl.bioontology.org/ontology/ICD9CM/038	owl:equivalentClass	http://purl.bioontology.org/ontology/LNC/LA10591-8
http://purl.bioontology.org/ontology/ICD9CM/038	owl:equivalentClass	http://purl.bioontology.org/ontology/LNC/MTHU020833
http://purl.bioontology.org/ontology/ICD9CM/368	owl:equivalentClass	http://purl.bioontology.org/ontology/LNC/LA16363-6
http://purl.bioontology.org/ontology/ICD9CM/114	owl:equivalentClass	http://purl.bioontology.org/ontology/LNC/LA10444-0
http://purl.bioontology.org/ontology/ICD9CM/784.3	owl:equivalentClass	http://purl.bioontology.org/ontology/LNC/LP74491-9
http://purl.bioontology.org/ontology/ICD9CM/784.3	owl:equivalentClass	http://purl.bioontology.org/ontology/LNC/MTHU020799
http://purl.bioontology.org/ontology/ICD9CM/784.3	owl:equivalentClass	http://purl.bioontology.org/ontology/LNC/LA18262-8
http://purl.bioontology.org/ontology/ICD9CM/69.92	owl:equivalentClass	http://purl.bioontology.org/ontology/LNC/LA14527-8
http://purl.bioontology.org/ontology/ICD9CM/V26.1	owl:equivalentClass	http://purl.bioontology.org/ontology/LNC/LA14527-8
http://purl.bioontology.org/ontology/ICD9CM/784.0	owl:equivalentClass	http://purl.bioontology.org/ontology/LNC/LA15903-0
http://purl.bioontology.org/ontology/ICD9CM/784.0	owl:equivalentClass	http://purl.bioontology.org/ontology/LNC/MTHU020860
http://purl.bioontology.org/ontology/ICD9CM/784.0	owl:equivalentClass	http://purl.bioontology.org/ontology/LNC/LP74908-2
http://purl.bioontology.org/ontology/ICD9CM/307.6	owl:equivalentClass	http://purl.bioontology.org/ontology/LNC/LA25319-7
http://purl.bioontology.org/ontology/ICD9CM/585.6	owl:equivalentClass	http://purl.bioontology.org/ontology/LNC/MTHU040642
http://purl.bioontology.org/ontology/ICD9CM/585.6	owl:equivalentClass	http://purl.bioontology.org/ontology/LNC/LP128701-2
http://purl.bioontology.org/ontology/ICD9CM/585.6	owl:equivalentClass	http://purl.bioontology.org/ontology/LNC/LP146090-8
http://purl.bioontology.org/ontology/ICD9CM/758.0	owl:equivalentClass	http://purl.bioontology.org/ontology/LNC/LP74785-4
http://purl.bioontology.org/ontology/ICD9CM/758.0	owl:equivalentClass	http://purl.bioontology.org/ontology/LNC/MTHU020584
http://purl.bioontology.org/ontology/ICD9CM/786.07	owl:equivalentClass	http://purl.bioontology.org/ontology/LNC/MTHU013532
http://purl.bioontology.org/ontology/ICD9CM/786.07	owl:equivalentClass	http://purl.bioontology.org/ontology/LNC/LP75897-6
http://purl.bioontology.org/ontology/ICD9CM/788.91	owl:equivalentClass	http://purl.bioontology.org/ontology/LNC/LP74878-7
http://purl.bioontology.org/ontology/ICD9CM/788.91	owl:equivalentClass	http://purl.bioontology.org/ontology/LNC/MTHU013233
http://purl.bioontology.org/ontology/ICD9CM/021	owl:equivalentClass	http://purl.bioontology.org/ontology/LNC/LA10514-0
http://purl.bioontology.org/ontology/ICD9CM/788.3	owl:equivalentClass	http://purl.bioontology.org/ontology/LNC/LA6436-5
http://purl.bioontology.org/ontology/ICD9CM/93.85	owl:equivalentClass	http://purl.bioontology.org/ontology/LNC/LP185854-9
http://purl.bioontology.org/ontology/ICD9CM/830-839.99	owl:equivalentClass	http://purl.bioontology.org/ontology/LNC/LA17262-9
http://purl.bioontology.org/ontology/ICD9CM/023.2	owl:equivalentClass	http://purl.bioontology.org/ontology/LNC/LP16674-1
http://purl.bioontology.org/ontology/ICD9CM/023.2	owl:equivalentClass	http://purl.bioontology.org/ontology/LNC/LA19203-1
http://purl.bioontology.org/ontology/ICD9CM/200.4	owl:equivalentClass	http://purl.bioontology.org/ontology/LNC/LA26524-1
http://purl.bioontology.org/ontology/ICD9CM/77.0	owl:equivalentClass	http://purl.bioontology.org/ontology/LNC/LA32175-4
http://purl.bioontology.org/ontology/ICD9CM/425	owl:equivalentClass	http://purl.bioontology.org/ontology/LNC/MTHU040649
http://purl.bioontology.org/ontology/ICD9CM/425	owl:equivalentClass	http://purl.bioontology.org/ontology/LNC/LP128708-7
http://purl.bioontology.org/ontology/ICD9CM/V62.84	owl:equivalentClass	http://purl.bioontology.org/ontology/LNC/LP411350-4
http://purl.bioontology.org/ontology/ICD9CM/V62.84	owl:equivalentClass	http://purl.bioontology.org/ontology/LNC/MTHU063331
http://purl.bioontology.org/ontology/ICD9CM/078.3	owl:equivalentClass	http://purl.bioontology.org/ontology/LNC/LA10440-8
http://purl.bioontology.org/ontology/ICD9CM/130	owl:equivalentClass	http://purl.bioontology.org/ontology/LNC/LA10511-6
http://purl.bioontology.org/ontology/ICD9CM/530.85	owl:equivalentClass	http://purl.bioontology.org/ontology/LNC/LA14288-7
http://purl.bioontology.org/ontology/ICD9CM/786.2	owl:equivalentClass	http://purl.bioontology.org/ontology/LNC/LA16122-6
http://purl.bioontology.org/ontology/ICD9CM/743.45	owl:equivalentClass	http://purl.bioontology.org/ontology/LNC/LA24630-8
http://purl.bioontology.org/ontology/ICD9CM/004.3	owl:equivalentClass	http://purl.bioontology.org/ontology/LNC/LA19302-1
http://purl.bioontology.org/ontology/ICD9CM/004.3	owl:equivalentClass	http://purl.bioontology.org/ontology/LNC/LP17986-8
http://purl.bioontology.org/ontology/ICD9CM/80.2	owl:equivalentClass	http://purl.bioontology.org/ontology/LNC/LP6135-0
http://purl.bioontology.org/ontology/ICD9CM/785.51	owl:equivalentClass	http://purl.bioontology.org/ontology/LNC/LA17687-7
http://purl.bioontology.org/ontology/ICD9CM/756.73	owl:equivalentClass	http://purl.bioontology.org/ontology/LNC/LA19590-1
http://purl.bioontology.org/ontology/ICD9CM/733.0	owl:equivalentClass	http://purl.bioontology.org/ontology/LNC/MTHU020796
http://purl.bioontology.org/ontology/ICD9CM/733.0	owl:equivalentClass	http://purl.bioontology.org/ontology/LNC/LA10527-2
http://purl.bioontology.org/ontology/ICD9CM/733.0	owl:equivalentClass	http://purl.bioontology.org/ontology/LNC/LP75283-9
http://purl.bioontology.org/ontology/ICD9CM/426.4	owl:equivalentClass	http://purl.bioontology.org/ontology/LNC/LA17096-1
http://purl.bioontology.org/ontology/ICD9CM/250	owl:equivalentClass	http://purl.bioontology.org/ontology/LNC/LA14291-1
http://purl.bioontology.org/ontology/ICD9CM/250	owl:equivalentClass	http://purl.bioontology.org/ontology/LNC/LP74722-7
http://purl.bioontology.org/ontology/ICD9CM/250	owl:equivalentClass	http://purl.bioontology.org/ontology/LNC/MTHU020781
http://purl.bioontology.org/ontology/ICD9CM/807.4	owl:equivalentClass	http://purl.bioontology.org/ontology/LNC/LA17342-9
http://purl.bioontology.org/ontology/ICD9CM/083.0	owl:equivalentClass	http://purl.bioontology.org/ontology/LNC/LA10498-6
http://purl.bioontology.org/ontology/ICD9CM/749.1	owl:equivalentClass	http://purl.bioontology.org/ontology/LNC/LA14411-5
http://purl.bioontology.org/ontology/ICD9CM/564.1	owl:equivalentClass	http://purl.bioontology.org/ontology/LNC/LA10555-3
http://purl.bioontology.org/ontology/ICD9CM/331.0	owl:equivalentClass	http://purl.bioontology.org/ontology/LNC/MTHU020798
http://purl.bioontology.org/ontology/ICD9CM/331.0	owl:equivalentClass	http://purl.bioontology.org/ontology/LNC/LA22313-3
http://purl.bioontology.org/ontology/ICD9CM/331.0	owl:equivalentClass	http://purl.bioontology.org/ontology/LNC/LP74474-5
http://purl.bioontology.org/ontology/ICD9CM/633	owl:equivalentClass	http://purl.bioontology.org/ontology/LNC/MTHU015326
http://purl.bioontology.org/ontology/ICD9CM/633	owl:equivalentClass	http://purl.bioontology.org/ontology/LNC/LP72505-8
http://purl.bioontology.org/ontology/ICD9CM/493	owl:equivalentClass	http://purl.bioontology.org/ontology/LNC/LP74511-4
http://purl.bioontology.org/ontology/ICD9CM/493	owl:equivalentClass	http://purl.bioontology.org/ontology/LNC/MTHU020815
http://purl.bioontology.org/ontology/ICD9CM/493	owl:equivalentClass	http://purl.bioontology.org/ontology/LNC/LA16982-3
http://purl.bioontology.org/ontology/ICD9CM/786.06	owl:equivalentClass	http://purl.bioontology.org/ontology/LNC/LA18267-7
http://purl.bioontology.org/ontology/ICD9CM/072	owl:equivalentClass	http://purl.bioontology.org/ontology/LNC/LP32627-9
http://purl.bioontology.org/ontology/ICD9CM/072	owl:equivalentClass	http://purl.bioontology.org/ontology/LNC/LA10491-1
http://purl.bioontology.org/ontology/ICD9CM/368.62	owl:equivalentClass	http://purl.bioontology.org/ontology/LNC/LA24490-7
http://purl.bioontology.org/ontology/ICD9CM/022	owl:equivalentClass	http://purl.bioontology.org/ontology/LNC/LA10432-5
http://purl.bioontology.org/ontology/ICD9CM/377.43	owl:equivalentClass	http://purl.bioontology.org/ontology/LNC/LA16338-8
http://purl.bioontology.org/ontology/ICD9CM/V21.1	owl:equivalentClass	http://purl.bioontology.org/ontology/LNC/LA26685-0
http://purl.bioontology.org/ontology/ICD9CM/05.2	owl:equivalentClass	http://purl.bioontology.org/ontology/LNC/LP264233-0
http://purl.bioontology.org/ontology/ICD9CM/695.4	owl:equivalentClass	http://purl.bioontology.org/ontology/LNC/LA17781-8
http://purl.bioontology.org/ontology/ICD9CM/338-338.99	owl:equivalentClass	http://purl.bioontology.org/ontology/LNC/LA7460-4
http://purl.bioontology.org/ontology/ICD9CM/338-338.99	owl:equivalentClass	http://purl.bioontology.org/ontology/LNC/MTHU029813
http://purl.bioontology.org/ontology/ICD9CM/338-338.99	owl:equivalentClass	http://purl.bioontology.org/ontology/LNC/LP75331-6
http://purl.bioontology.org/ontology/ICD9CM/066.4	owl:equivalentClass	http://purl.bioontology.org/ontology/LNC/LA10519-9
http://purl.bioontology.org/ontology/ICD9CM/100	owl:equivalentClass	http://purl.bioontology.org/ontology/LNC/LA10484-6
http://purl.bioontology.org/ontology/ICD9CM/458	owl:equivalentClass	http://purl.bioontology.org/ontology/LNC/LP74944-7
http://purl.bioontology.org/ontology/ICD9CM/458	owl:equivalentClass	http://purl.bioontology.org/ontology/LNC/MTHU020790
http://purl.bioontology.org/ontology/ICD9CM/458	owl:equivalentClass	http://purl.bioontology.org/ontology/LNC/LA7443-0
http://purl.bioontology.org/ontology/ICD9CM/427.41	owl:equivalentClass	http://purl.bioontology.org/ontology/LNC/LA17073-0
http://purl.bioontology.org/ontology/ICD9CM/335.1	owl:equivalentClass	http://purl.bioontology.org/ontology/LNC/MTHU062169
http://purl.bioontology.org/ontology/ICD9CM/335.1	owl:equivalentClass	http://purl.bioontology.org/ontology/LNC/LA22279-6
http://purl.bioontology.org/ontology/ICD9CM/335.1	owl:equivalentClass	http://purl.bioontology.org/ontology/LNC/LP288641-6
http://purl.bioontology.org/ontology/ICD9CM/389.0	owl:equivalentClass	http://purl.bioontology.org/ontology/LNC/LA24487-3
http://purl.bioontology.org/ontology/ICD9CM/708	owl:equivalentClass	http://purl.bioontology.org/ontology/LNC/LA20642-7
http://purl.bioontology.org/ontology/ICD9CM/89.11	owl:equivalentClass	http://purl.bioontology.org/ontology/LNC/LP29679-5
http://purl.bioontology.org/ontology/ICD9CM/89.11	owl:equivalentClass	http://purl.bioontology.org/ontology/LNC/LP32273-2
http://purl.bioontology.org/ontology/ICD9CM/63.73	owl:equivalentClass	http://purl.bioontology.org/ontology/LNC/LA14534-4
http://purl.bioontology.org/ontology/ICD9CM/282.7	owl:equivalentClass	http://purl.bioontology.org/ontology/LNC/MTHU021598
http://purl.bioontology.org/ontology/ICD9CM/282.7	owl:equivalentClass	http://purl.bioontology.org/ontology/LNC/LP56770-8
http://purl.bioontology.org/ontology/ICD9CM/338.1	owl:equivalentClass	http://purl.bioontology.org/ontology/LNC/LP74430-7
http://purl.bioontology.org/ontology/ICD9CM/338.1	owl:equivalentClass	http://purl.bioontology.org/ontology/LNC/MTHU013340
http://purl.bioontology.org/ontology/ICD9CM/756.72	owl:equivalentClass	http://purl.bioontology.org/ontology/LNC/LA20082-6
http://purl.bioontology.org/ontology/ICD9CM/740-759.99	owl:equivalentClass	http://purl.bioontology.org/ontology/LNC/LA20354-9
http://purl.bioontology.org/ontology/ICD9CM/378.4	owl:equivalentClass	http://purl.bioontology.org/ontology/LNC/LP72689-0
http://purl.bioontology.org/ontology/ICD9CM/378.4	owl:equivalentClass	http://purl.bioontology.org/ontology/LNC/LP29675-3
http://purl.bioontology.org/ontology/ICD9CM/378.4	owl:equivalentClass	http://purl.bioontology.org/ontology/LNC/MTHU013559
http://purl.bioontology.org/ontology/ICD9CM/023.0	owl:equivalentClass	http://purl.bioontology.org/ontology/LNC/LP16673-3
http://purl.bioontology.org/ontology/ICD9CM/023.0	owl:equivalentClass	http://purl.bioontology.org/ontology/LNC/LA19200-7
http://purl.bioontology.org/ontology/ICD9CM/446.4	owl:equivalentClass	http://purl.bioontology.org/ontology/LNC/LA17782-6
http://purl.bioontology.org/ontology/ICD9CM/745.2	owl:equivalentClass	http://purl.bioontology.org/ontology/LNC/LA19623-0
http://purl.bioontology.org/ontology/ICD9CM/E928.3	owl:equivalentClass	http://purl.bioontology.org/ontology/LNC/LA28745-0
http://purl.bioontology.org/ontology/ICD9CM/007.4	owl:equivalentClass	http://purl.bioontology.org/ontology/LNC/LA10448-1
http://purl.bioontology.org/ontology/ICD9CM/800-829.99	owl:equivalentClass	http://purl.bioontology.org/ontology/LNC/LA22219-2
http://purl.bioontology.org/ontology/ICD9CM/940-949.99	owl:equivalentClass	http://purl.bioontology.org/ontology/LNC/LA9568-2
http://purl.bioontology.org/ontology/ICD9CM/54.1	owl:equivalentClass	http://purl.bioontology.org/ontology/LNC/LA15412-2
http://purl.bioontology.org/ontology/ICD9CM/560.32	owl:equivalentClass	http://purl.bioontology.org/ontology/LNC/LP74833-2
http://purl.bioontology.org/ontology/ICD9CM/560.32	owl:equivalentClass	http://purl.bioontology.org/ontology/LNC/MTHU013359
http://purl.bioontology.org/ontology/ICD9CM/756.12	owl:equivalentClass	http://purl.bioontology.org/ontology/LNC/LP426718-5
http://purl.bioontology.org/ontology/ICD9CM/756.12	owl:equivalentClass	http://purl.bioontology.org/ontology/LNC/MTHU066326
http://purl.bioontology.org/ontology/ICD9CM/E001-E030.9	owl:equivalentClass	http://purl.bioontology.org/ontology/LNC/MTHU002837
http://purl.bioontology.org/ontology/ICD9CM/E001-E030.9	owl:equivalentClass	http://purl.bioontology.org/ontology/LNC/LP72045-5
http://purl.bioontology.org/ontology/ICD9CM/335.20	owl:equivalentClass	http://purl.bioontology.org/ontology/LNC/LA27534-9
http://purl.bioontology.org/ontology/ICD9CM/45.24	owl:equivalentClass	http://purl.bioontology.org/ontology/LNC/LP6277-0
http://purl.bioontology.org/ontology/ICD9CM/004	owl:equivalentClass	http://purl.bioontology.org/ontology/LNC/LA10505-8
http://purl.bioontology.org/ontology/ICD9CM/995.92	owl:equivalentClass	http://purl.bioontology.org/ontology/LNC/LA20586-6
http://purl.bioontology.org/ontology/ICD9CM/332	owl:equivalentClass	http://purl.bioontology.org/ontology/LNC/MTHU020807
http://purl.bioontology.org/ontology/ICD9CM/332	owl:equivalentClass	http://purl.bioontology.org/ontology/LNC/LA27533-1
http://purl.bioontology.org/ontology/ICD9CM/332	owl:equivalentClass	http://purl.bioontology.org/ontology/LNC/LP75351-4
http://purl.bioontology.org/ontology/ICD9CM/050	owl:equivalentClass	http://purl.bioontology.org/ontology/LNC/LA16614-2
http://purl.bioontology.org/ontology/ICD9CM/034.1	owl:equivalentClass	http://purl.bioontology.org/ontology/LNC/LA17017-7
http://purl.bioontology.org/ontology/ICD9CM/V83-V84.99	owl:equivalentClass	http://purl.bioontology.org/ontology/LNC/LP415703-0
http://purl.bioontology.org/ontology/ICD9CM/786.1	owl:equivalentClass	http://purl.bioontology.org/ontology/LNC/LA17612-5
http://purl.bioontology.org/ontology/ICD9CM/340	owl:equivalentClass	http://purl.bioontology.org/ontology/LNC/LA14298-6
http://purl.bioontology.org/ontology/ICD9CM/340	owl:equivalentClass	http://purl.bioontology.org/ontology/LNC/LP75152-6
http://purl.bioontology.org/ontology/ICD9CM/340	owl:equivalentClass	http://purl.bioontology.org/ontology/LNC/MTHU020805
http://purl.bioontology.org/ontology/ICD9CM/94.32	owl:equivalentClass	http://purl.bioontology.org/ontology/LNC/LA33537-4
http://purl.bioontology.org/ontology/ICD9CM/997.31	owl:equivalentClass	http://purl.bioontology.org/ontology/LNC/LA28436-6
http://purl.bioontology.org/ontology/ICD9CM/300.23	owl:equivalentClass	http://purl.bioontology.org/ontology/LNC/LA10585-0
http://purl.bioontology.org/ontology/ICD9CM/367.2	owl:equivalentClass	http://purl.bioontology.org/ontology/LNC/LA24635-7
http://purl.bioontology.org/ontology/ICD9CM/744.22	owl:equivalentClass	http://purl.bioontology.org/ontology/LNC/LA9232-5
http://purl.bioontology.org/ontology/ICD9CM/203.0	owl:equivalentClass	http://purl.bioontology.org/ontology/LNC/LA31350-4
http://purl.bioontology.org/ontology/ICD9CM/750.15	owl:equivalentClass	http://purl.bioontology.org/ontology/LNC/LA19572-9
http://purl.bioontology.org/ontology/ICD9CM/281.0	owl:equivalentClass	http://purl.bioontology.org/ontology/LNC/LA15159-9
http://purl.bioontology.org/ontology/ICD9CM/027.0	owl:equivalentClass	http://purl.bioontology.org/ontology/LNC/LA10485-3
http://purl.bioontology.org/ontology/ICD9CM/786.05	owl:equivalentClass	http://purl.bioontology.org/ontology/LNC/MTHU020850
http://purl.bioontology.org/ontology/ICD9CM/786.05	owl:equivalentClass	http://purl.bioontology.org/ontology/LNC/LA17001-1
http://purl.bioontology.org/ontology/ICD9CM/786.05	owl:equivalentClass	http://purl.bioontology.org/ontology/LNC/LP75617-8
http://purl.bioontology.org/ontology/ICD9CM/759.82	owl:equivalentClass	http://purl.bioontology.org/ontology/LNC/LA29643-6
http://purl.bioontology.org/ontology/ICD9CM/V85-V85.99	owl:equivalentClass	http://purl.bioontology.org/ontology/LNC/MTHU017351
http://purl.bioontology.org/ontology/ICD9CM/49.21	owl:equivalentClass	http://purl.bioontology.org/ontology/LNC/LP32191-6
http://purl.bioontology.org/ontology/ICD9CM/780.97	owl:equivalentClass	http://purl.bioontology.org/ontology/LNC/LA17392-4
http://purl.bioontology.org/ontology/ICD9CM/296.80	owl:equivalentClass	http://purl.bioontology.org/ontology/LNC/LA30595-5
http://purl.bioontology.org/ontology/ICD9CM/004.2	owl:equivalentClass	http://purl.bioontology.org/ontology/LNC/LP17983-5
http://purl.bioontology.org/ontology/ICD9CM/004.2	owl:equivalentClass	http://purl.bioontology.org/ontology/LNC/LA19301-3
http://purl.bioontology.org/ontology/ICD9CM/380.4	owl:equivalentClass	http://purl.bioontology.org/ontology/LNC/LA15481-7
http://purl.bioontology.org/ontology/ICD9CM/780-789.99	owl:equivalentClass	http://purl.bioontology.org/ontology/LNC/MTHU021540
http://purl.bioontology.org/ontology/ICD9CM/780-789.99	owl:equivalentClass	http://purl.bioontology.org/ontology/LNC/LP75708-5
http://purl.bioontology.org/ontology/ICD9CM/080	owl:equivalentClass	http://purl.bioontology.org/ontology/LNC/LA10486-1
http://purl.bioontology.org/ontology/ICD9CM/73.6	owl:equivalentClass	http://purl.bioontology.org/ontology/LNC/LA18955-7
http://purl.bioontology.org/ontology/ICD9CM/V26.21	owl:equivalentClass	http://purl.bioontology.org/ontology/LNC/LP7798-4
http://purl.bioontology.org/ontology/ICD9CM/579.0	owl:equivalentClass	http://purl.bioontology.org/ontology/LNC/LA15156-5
http://purl.bioontology.org/ontology/ICD9CM/786.03	owl:equivalentClass	http://purl.bioontology.org/ontology/LNC/LA17393-2
http://purl.bioontology.org/ontology/ICD9CM/16.21	owl:equivalentClass	http://purl.bioontology.org/ontology/LNC/LP149841-1
http://purl.bioontology.org/ontology/ICD9CM/V85-V85.99	owl:equivalentClass	http://purl.bioontology.org/ontology/LNC/LP35925-4
http://purl.bioontology.org/ontology/ICD9CM/427.31	owl:equivalentClass	http://purl.bioontology.org/ontology/LNC/58268-4
